name,values
soft start,5.049
top resistor,122344.44444444444
cap rms I,0.4016815416439882
L pk-pk,1.3914656771799627
L pk,3.6957328385899815
L rms,3.0267718878200074
