name,values
soft start T,5.049
top resistor R,122344.44444444444
cap rms I,0.4016815416439882
L pk-pk I,1.3914656771799627
L max pk I,3.6957328385899815
L rms I,3.0267718878200074
